{"cameraMode":{"drawMode":0,"name":"Shaded","section":"Shading Mode"},"sceneLighting":true,"audioPlay":false,"sceneViewState":{"showFog":true,"showMaterialUpdate":false,"showSkybox":true,"showFlares":true,"showImageEffects":true,"showParticleSystems":true},"in2DMode":false,"pivot":{"x":0.30720558762550356,"y":5.979785919189453,"z":0.08293377608060837},"rotation":{"x":0.1837943196296692,"y":-0.3763710558414459,"z":0.07644930481910706,"w":0.9048340916633606},"size":28.30839729309082,"orthographic":false}