{"cameraMode":{"drawMode":0,"name":"Shaded","section":"Shading Mode"},"sceneLighting":true,"audioPlay":false,"sceneViewState":{"showFog":true,"showMaterialUpdate":false,"showSkybox":true,"showFlares":true,"showImageEffects":true,"showParticleSystems":true},"in2DMode":false,"pivot":{"x":-0.8539791107177734,"y":-9.51185131072998,"z":-5.140515327453613},"rotation":{"x":-0.3728553056716919,"y":-0.5590192079544067,"z":0.3098221719264984,"w":-0.6726972460746765},"size":20.799022674560548,"orthographic":false}