{"cameraMode":{"drawMode":0,"name":"Shaded","section":"Shading Mode"},"sceneLighting":false,"audioPlay":false,"sceneViewState":{"showFog":true,"showMaterialUpdate":false,"showSkybox":true,"showFlares":true,"showImageEffects":true,"showParticleSystems":true},"in2DMode":false,"pivot":{"x":-1.706747055053711,"y":-0.7791347503662109,"z":-2.4085307121276857},"rotation":{"x":0.05385029688477516,"y":-0.42009925842285159,"z":0.02498563565313816,"w":0.9055417776107788},"size":13.625799179077149,"orthographic":false}